<?xml version="1.0"?>
<opencv_storage>
<cascade>
  <stageType>BOOST</stageType>
  <featureType>HAAR</featureType>
  <height>20</height>
  <width>20</width>
  <stageParams>
    <boostType>GAB</boostType>
    <minHitRate>9.9989998340606689e-001</minHitRate>
    <maxFalseAlarm>5.0000000000000000e-001</maxFalseAlarm>
    <weightTrimRate>9.4999999999999996e-001</weightTrimRate>
    <maxDepth>1</maxDepth>
    <maxWeakCount>100</maxWeakCount></stageParams>
  <featureParams>
    <maxCatCount>0</maxCatCount>
    <featSize>1</featSize>
    <mode>BASIC</mode></featureParams>
  <stageNum>10</stageNum>
  <stages>
    <!-- stage 0 -->
    <_>
      <maxWeakCount>2</maxWeakCount>
      <stageThreshold>-4.4678592681884766e-001</stageThreshold>
      <weakClassifiers>
        <_>
          <internalNodes>
            0 -1 13 -6.7439852282404900e-003</internalNodes>
          <leafValues>
            9.1044777631759644e-001 -8.8116306066513062e-001</leafValues></_>
        <_>
          <internalNodes>
            0 -1 0 -4.9981912598013878e-003</internalNodes>
          <leafValues>
            4.3437716364860535e-001 -1.</leafValues></_></weakClassifiers></_>
    <!-- stage 1 -->
    <_>
      <maxWeakCount>2</maxWeakCount>
      <stageThreshold>-7.2804003953933716e-001</stageThreshold>
      <weakClassifiers>
        <_>
          <internalNodes>
            0 -1 5 -3.0309772491455078e-001</internalNodes>
          <leafValues>
            7.2781062126159668e-001 -9.2328041791915894e-001</leafValues></_>
        <_>
          <internalNodes>
            0 -1 26 -1.6284758748952299e-004</internalNodes>
          <leafValues>
            1.9524039328098297e-001 -9.7437500953674316e-001</leafValues></_></weakClassifiers></_>
    <!-- stage 2 -->
    <_>
      <maxWeakCount>3</maxWeakCount>
      <stageThreshold>-1.2655711174011230e+000</stageThreshold>
      <weakClassifiers>
        <_>
          <internalNodes>
            0 -1 11 5.3225302696228027e-001</internalNodes>
          <leafValues>
            -8.9973616600036621e-001 6.4071857929229736e-001</leafValues></_>
        <_>
          <internalNodes>
            0 -1 7 2.0564901205943897e-005</internalNodes>
          <leafValues>
            -7.7088171243667603e-001 7.4626618623733521e-001</leafValues></_>
        <_>
          <internalNodes>
            0 -1 24 -5.9688126202672720e-004</internalNodes>
          <leafValues>
            -1. 4.0504679083824158e-001</leafValues></_></weakClassifiers></_>
    <!-- stage 3 -->
    <_>
      <maxWeakCount>6</maxWeakCount>
      <stageThreshold>-1.9356133937835693e+000</stageThreshold>
      <weakClassifiers>
        <_>
          <internalNodes>
            0 -1 18 9.6550665795803070e-002</internalNodes>
          <leafValues>
            -8.4893882274627686e-001 8.4677422046661377e-001</leafValues></_>
        <_>
          <internalNodes>
            0 -1 14 -2.6044540107250214e-002</internalNodes>
          <leafValues>
            4.3503630161285400e-001 -8.0043256282806396e-001</leafValues></_>
        <_>
          <internalNodes>
            0 -1 22 -2.3469609004678205e-005</internalNodes>
          <leafValues>
            4.5835205912590027e-001 -7.6404887437820435e-001</leafValues></_>
        <_>
          <internalNodes>
            0 -1 9 -1.5322156250476837e-003</internalNodes>
          <leafValues>
            4.5107635855674744e-001 -7.8662896156311035e-001</leafValues></_>
        <_>
          <internalNodes>
            0 -1 3 -4.9562836065888405e-003</internalNodes>
          <leafValues>
            8.0149847269058228e-001 -4.9493563175201416e-001</leafValues></_>
        <_>
          <internalNodes>
            0 -1 25 -1.9977333067799918e-005</internalNodes>
          <leafValues>
            5.3697049617767334e-001 -7.7438205480575562e-001</leafValues></_></weakClassifiers></_>
    <!-- stage 4 -->
    <_>
      <maxWeakCount>3</maxWeakCount>
      <stageThreshold>-1.3574889898300171e+000</stageThreshold>
      <weakClassifiers>
        <_>
          <internalNodes>
            0 -1 20 8.2646176218986511e-002</internalNodes>
          <leafValues>
            -8.4049844741821289e-001 8.1224489212036133e-001</leafValues></_>
        <_>
          <internalNodes>
            0 -1 2 1.6417575534433126e-003</internalNodes>
          <leafValues>
            -9.0788662433624268e-001 2.9137200117111206e-001</leafValues></_>
        <_>
          <internalNodes>
            0 -1 30 1.1991172505076975e-004</internalNodes>
          <leafValues>
            -8.0836254358291626e-001 4.0493285655975342e-001</leafValues></_></weakClassifiers></_>
    <!-- stage 5 -->
    <_>
      <maxWeakCount>3</maxWeakCount>
      <stageThreshold>-1.2004674673080444e+000</stageThreshold>
      <weakClassifiers>
        <_>
          <internalNodes>
            0 -1 17 4.6613253653049469e-003</internalNodes>
          <leafValues>
            -8.5468453168869019e-001 6.7971527576446533e-001</leafValues></_>
        <_>
          <internalNodes>
            0 -1 8 -7.7948160469532013e-002</internalNodes>
          <leafValues>
            3.0479866266250610e-001 -7.7493757009506226e-001</leafValues></_>
        <_>
          <internalNodes>
            0 -1 23 1.9977333067799918e-005</internalNodes>
          <leafValues>
            -6.5058159828186035e-001 5.1192736625671387e-001</leafValues></_></weakClassifiers></_>
    <!-- stage 6 -->
    <_>
      <maxWeakCount>4</maxWeakCount>
      <stageThreshold>-1.1783258914947510e+000</stageThreshold>
      <weakClassifiers>
        <_>
          <internalNodes>
            0 -1 16 -2.7714183554053307e-002</internalNodes>
          <leafValues>
            5.8922559022903442e-001 -8.5318738222122192e-001</leafValues></_>
        <_>
          <internalNodes>
            0 -1 29 -2.3132712158258073e-005</internalNodes>
          <leafValues>
            2.0465894043445587e-001 -9.4645303487777710e-001</leafValues></_>
        <_>
          <internalNodes>
            0 -1 12 -4.0051311254501343e-002</internalNodes>
          <leafValues>
            3.1912416219711304e-001 -8.1241935491561890e-001</leafValues></_>
        <_>
          <internalNodes>
            0 -1 1 6.4697340130805969e-002</internalNodes>
          <leafValues>
            3.0219033360481262e-001 -1.</leafValues></_></weakClassifiers></_>
    <!-- stage 7 -->
    <_>
      <maxWeakCount>5</maxWeakCount>
      <stageThreshold>-1.6145586967468262e+000</stageThreshold>
      <weakClassifiers>
        <_>
          <internalNodes>
            0 -1 19 1.6471177339553833e-001</internalNodes>
          <leafValues>
            -8.3814305067062378e-001 7.2656250000000000e-001</leafValues></_>
        <_>
          <internalNodes>
            0 -1 24 -2.4537550052627921e-004</internalNodes>
          <leafValues>
            2.9326003789901733e-001 -8.5395002365112305e-001</leafValues></_>
        <_>
          <internalNodes>
            0 -1 27 3.0334051698446274e-003</internalNodes>
          <leafValues>
            3.2419678568840027e-001 -9.3054527044296265e-001</leafValues></_>
        <_>
          <internalNodes>
            0 -1 6 2.0546656742226332e-005</internalNodes>
          <leafValues>
            -6.0372728109359741e-001 5.8629763126373291e-001</leafValues></_>
        <_>
          <internalNodes>
            0 -1 4 -4.3020613491535187e-002</internalNodes>
          <leafValues>
            5.0434774160385132e-001 -7.9014515876770020e-001</leafValues></_></weakClassifiers></_>
    <!-- stage 8 -->
    <_>
      <maxWeakCount>2</maxWeakCount>
      <stageThreshold>-6.5051132440567017e-001</stageThreshold>
      <weakClassifiers>
        <_>
          <internalNodes>
            0 -1 10 -6.8184286355972290e-003</internalNodes>
          <leafValues>
            7.0135748386383057e-001 -8.5813808441162109e-001</leafValues></_>
        <_>
          <internalNodes>
            0 -1 28 -1.4330362901091576e-003</internalNodes>
          <leafValues>
            -9.9348098039627075e-001 2.0762674510478973e-001</leafValues></_></weakClassifiers></_>
    <!-- stage 9 -->
    <_>
      <maxWeakCount>3</maxWeakCount>
      <stageThreshold>-1.2217113971710205e+000</stageThreshold>
      <weakClassifiers>
        <_>
          <internalNodes>
            0 -1 15 1.5756486356258392e-001</internalNodes>
          <leafValues>
            -8.7150126695632935e-001 7.4561405181884766e-001</leafValues></_>
        <_>
          <internalNodes>
            0 -1 31 9.1142248129472136e-004</internalNodes>
          <leafValues>
            3.9154666662216187e-001 -8.3315902948379517e-001</leafValues></_>
        <_>
          <internalNodes>
            0 -1 21 3.4725418663583696e-004</internalNodes>
          <leafValues>
            6.1799728870391846e-001 -7.4175685644149780e-001</leafValues></_></weakClassifiers></_></stages>
  <features>
    <_>
      <rects>
        <_>
          0 0 15 2 -1.</_>
        <_>
          0 1 15 1 2.</_></rects>
      <tilted>0</tilted></_>
    <_>
      <rects>
        <_>
          0 2 20 16 -1.</_>
        <_>
          0 10 20 8 2.</_></rects>
      <tilted>0</tilted></_>
    <_>
      <rects>
        <_>
          0 18 9 2 -1.</_>
        <_>
          0 19 9 1 2.</_></rects>
      <tilted>0</tilted></_>
    <_>
      <rects>
        <_>
          1 0 8 2 -1.</_>
        <_>
          1 0 4 1 2.</_>
        <_>
          5 1 4 1 2.</_></rects>
      <tilted>0</tilted></_>
    <_>
      <rects>
        <_>
          1 7 17 12 -1.</_>
        <_>
          1 11 17 4 3.</_></rects>
      <tilted>0</tilted></_>
    <_>
      <rects>
        <_>
          2 0 15 17 -1.</_>
        <_>
          7 0 5 17 3.</_></rects>
      <tilted>0</tilted></_>
    <_>
      <rects>
        <_>
          2 1 1 2 -1.</_>
        <_>
          2 2 1 1 2.</_></rects>
      <tilted>0</tilted></_>
    <_>
      <rects>
        <_>
          3 0 1 2 -1.</_>
        <_>
          3 1 1 1 2.</_></rects>
      <tilted>0</tilted></_>
    <_>
      <rects>
        <_>
          3 10 12 10 -1.</_>
        <_>
          7 10 4 10 3.</_></rects>
      <tilted>0</tilted></_>
    <_>
      <rects>
        <_>
          3 14 3 6 -1.</_>
        <_>
          3 16 3 2 3.</_></rects>
      <tilted>0</tilted></_>
    <_>
      <rects>
        <_>
          4 0 6 2 -1.</_>
        <_>
          4 0 3 1 2.</_>
        <_>
          7 1 3 1 2.</_></rects>
      <tilted>0</tilted></_>
    <_>
      <rects>
        <_>
          6 0 14 19 -1.</_>
        <_>
          13 0 7 19 2.</_></rects>
      <tilted>0</tilted></_>
    <_>
      <rects>
        <_>
          6 0 14 9 -1.</_>
        <_>
          6 3 14 3 3.</_></rects>
      <tilted>0</tilted></_>
    <_>
      <rects>
        <_>
          7 0 3 2 -1.</_>
        <_>
          7 1 3 1 2.</_></rects>
      <tilted>0</tilted></_>
    <_>
      <rects>
        <_>
          7 8 10 9 -1.</_>
        <_>
          7 11 10 3 3.</_></rects>
      <tilted>0</tilted></_>
    <_>
      <rects>
        <_>
          8 1 12 5 -1.</_>
        <_>
          14 1 6 5 2.</_></rects>
      <tilted>0</tilted></_>
    <_>
      <rects>
        <_>
          10 0 4 4 -1.</_>
        <_>
          10 2 4 2 2.</_></rects>
      <tilted>0</tilted></_>
    <_>
      <rects>
        <_>
          10 7 3 3 -1.</_>
        <_>
          10 8 3 1 3.</_></rects>
      <tilted>0</tilted></_>
    <_>
      <rects>
        <_>
          10 12 8 5 -1.</_>
        <_>
          14 12 4 5 2.</_></rects>
      <tilted>0</tilted></_>
    <_>
      <rects>
        <_>
          12 1 6 15 -1.</_>
        <_>
          15 1 3 15 2.</_></rects>
      <tilted>0</tilted></_>
    <_>
      <rects>
        <_>
          13 1 4 16 -1.</_>
        <_>
          15 1 2 16 2.</_></rects>
      <tilted>0</tilted></_>
    <_>
      <rects>
        <_>
          13 12 2 3 -1.</_>
        <_>
          14 12 1 3 2.</_></rects>
      <tilted>0</tilted></_>
    <_>
      <rects>
        <_>
          15 0 4 1 -1.</_>
        <_>
          17 0 2 1 2.</_></rects>
      <tilted>0</tilted></_>
    <_>
      <rects>
        <_>
          16 0 1 2 -1.</_>
        <_>
          16 1 1 1 2.</_></rects>
      <tilted>0</tilted></_>
    <_>
      <rects>
        <_>
          16 0 4 1 -1.</_>
        <_>
          18 0 2 1 2.</_></rects>
      <tilted>0</tilted></_>
    <_>
      <rects>
        <_>
          17 18 2 2 -1.</_>
        <_>
          17 19 2 1 2.</_></rects>
      <tilted>0</tilted></_>
    <_>
      <rects>
        <_>
          18 0 2 1 -1.</_>
        <_>
          19 0 1 1 2.</_></rects>
      <tilted>0</tilted></_>
    <_>
      <rects>
        <_>
          18 0 2 15 -1.</_>
        <_>
          18 5 2 5 3.</_></rects>
      <tilted>0</tilted></_>
    <_>
      <rects>
        <_>
          18 3 2 10 -1.</_>
        <_>
          18 8 2 5 2.</_></rects>
      <tilted>0</tilted></_>
    <_>
      <rects>
        <_>
          18 13 2 2 -1.</_>
        <_>
          18 13 1 1 2.</_>
        <_>
          19 14 1 1 2.</_></rects>
      <tilted>0</tilted></_>
    <_>
      <rects>
        <_>
          18 15 2 2 -1.</_>
        <_>
          18 15 1 1 2.</_>
        <_>
          19 16 1 1 2.</_></rects>
      <tilted>0</tilted></_>
    <_>
      <rects>
        <_>
          19 2 1 12 -1.</_>
        <_>
          19 8 1 6 2.</_></rects>
      <tilted>0</tilted></_></features></cascade>
</opencv_storage>
